image_id,bbox_ltwh,bbox_conf,video_id,category_id,body_masks,embeddings,role_confidence,role_detection,visibility_scores,age,costs,hits,matched_with,state,time_since_update,track_bbox_kf_ltwh,track_bbox_pred_kf_ltwh,track_id,bbox_pitch,jersey_number_detection,jersey_number_confidence,jersey_number,role,team_cluster,team,ignored
5000000001,[     1007.5       777.4      36.166        97.9],0.84871835,000,1.0,"[[[          1           1           1 ...           1           1           1]
  [          1           1           1 ...           1           1           1]
  [          1           1           1 ...           1           1           1]
  ...
  [          1           1           1 ...           1           1           1]
  [          1           1           1 ...           1           1           1]
  [          1           1           1 ...           1           1           1]]]","[[          0     0.02892     0.49756           0           0           0     0.12891    0.032633    0.074358           0    0.079638    0.045739    0.024241     0.27964    0.097165     0.14024           0     0.10318           0           0           0      1.0754    0.015595           0      0.1178    0.028138
      0.11106           0           0           0    0.013431     0.24158   0.0077466     0.18493     0.29972     0.14435      0.1522     0.02833    0.071176           0           0           0    0.041547     0.10784     0.16372     0.13657           0           0    0.045827    0.057394     0.19432    0.092277
            0     0.05772           0    0.028409    0.071026     0.12856    0.071036           0           0           0           0    0.042523           0           0    0.079027           0           0      0.2093           0           0    0.055732    0.034011           0      0.0371     0.12117           0
     0.010765    0.024465   0.0011334    0.036368           0   0.0091637           0    0.095197  0.00078602           0           0     0.14331    0.033516           0     0.02375     0.10843           0    0.010298           0     0.12402      0.0755    0.050779           0     0.64863     0.10672      0.1378
            0     0.07914           0     0.17798     0.12829           0           0     0.10145    0.083578    0.067599           0           0   0.0079288           0      0.5569  0.00097142           0     0.12614     0.04399    0.032329     0.09184           0           0           0     0.29776           0
      0.23279     0.24605           0           0    0.029804           0    0.070354    0.058864    0.097248    0.026649     0.19613           0           0           0     0.25137    0.088896    0.083446           0           0           0    0.045172           0           0    0.013828     0.11819     0.15427
            0     0.11182           0           0           0           0     0.20374    0.048808     0.25897    0.016576      0.1535     0.11172    0.030274           0           0     0.11835    0.051342           0           0    0.010297     0.48557    0.011999           0           0    0.049051    0.083859
            0     0.38663           0     0.41844     0.11954           0    0.060598      0.1107           0    0.030925           0    0.064551           0       0.139           0           0    0.085632     0.14211   0.0049893    0.057828     0.16374    0.024285    0.091871     0.20247    0.074461           0
     0.013866     0.01066           0      0.1232    0.011592    0.074193    0.070751           0    0.090182     0.23246           0    0.078506           0     0.24447    0.072766           0           0     0.11401           0           0    0.081337           0           0      0.2402           0      0.1065
     0.094414           0     0.20688     0.57354    0.064749    0.049623           0           0    0.050222           0     0.38479           0    0.036239    0.064653    0.031132           0     0.17404    0.035674    0.050967     0.31993    0.055507    0.087895]]",3.6653308868408203,player,[ True],1.0,"{'R': {}, 'Rt': 0.5, 'S': {}, 'St': 0.8, 'K': {}, 'Kt': 9.4877}",1.0,,c,0.0,[     1007.5       777.4      36.166        97.9],,1.0,"{'x_bottom_left': 0.1419478879152893, 'y_bottom_left': 26.02675077549765, 'x_bottom_right': 0.7778971461174728, 'y_bottom_right': 26.027198555605505, 'x_bottom_middle': 0.45994255284373187, 'y_bottom_middle': 26.026974679659066}",19.0,1.0,19.0,player,1.0,right,False
5000000001,[     995.44      961.59      48.829      117.24],0.83686423,000,1.0,"[[[          1           1           1 ...           1           1           1]
  [          1           1           1 ...           1           1           1]
  [          1           1           1 ...           1           1           1]
  ...
  [          1           1           1 ...           1           1           1]
  [          1           1           1 ...           1           1           1]
  [          1           1           1 ...           1           1           1]]]","[[          0    0.098159      0.4263           0           0    0.088594    0.058904           0     0.13918           0     0.30639     0.12024           0    0.097106           0    0.094839    0.096965           0           0    0.010149           0     0.66773    0.083606     0.02481     0.14357    0.046039
            0    0.004633           0           0    0.082319     0.13593   0.0031883     0.10039           0    0.080779     0.13892    0.069687    0.056453    0.011215    0.079658           0    0.025505    0.012476     0.29991    0.062736   0.0048661           0           0    0.021253      0.1153           0
       0.1131    0.023762     0.13485     0.05476     0.17683           0    0.084192    0.010659           0    0.010272           0           0           0           0    0.046795   0.0049187           0     0.29811           0    0.080469    0.055399           0           0           0    0.071323           0
            0           0     0.16998    0.057824           0    0.033385   0.0069511     0.21362           0           0           0           0    0.029848     0.11693           0           0           0    0.078823     0.22798       0.103           0    0.031478           0     0.43394     0.12521           0
            0    0.088358           0           0     0.13424           0           0     0.06616   0.0081483    0.020046           0           0     0.16168           0      0.3295           0     0.19495     0.10856    0.024591           0    0.046117    0.024038           0           0     0.17199     0.26055
     0.020218     0.37796           0           0     0.34752    0.061515     0.11925    0.026139    0.044359           0    0.061477  0.00052432     0.16595    0.063982     0.11348     0.10895    0.064384    0.032194           0   0.0050892           0           0           0           0     0.17595           0
            0     0.22492           0           0    0.041081   0.0038749    0.057829    0.016333     0.25582    0.023266           0    0.040105           0           0     0.10082      0.1838     0.10082           0           0           0     0.28816    0.041952           0           0           0     0.11026
            0      0.4269           0     0.18785    0.039368           0    0.074487     0.08107           0    0.018458     0.12329    0.081876           0           0           0           0    0.040351   0.0017889    0.079687           0    0.055591    0.069973    0.026722           0    0.086686    0.017061
     0.080031     0.02757           0     0.10544           0     0.10765    0.026486     0.04588      0.1105     0.25973           0     0.11381           0     0.14125   0.0087264           0    0.084161           0   0.0002632      0.0143    0.070544           0           0     0.18185    0.016124    0.082003
      0.11088    0.019181     0.49014     0.50279   0.0018362     0.15751           0           0    0.096883           0     0.51515           0    0.071573    0.062507           0     0.18695     0.17218    0.014498    0.058623     0.33843    0.084269     0.04391]]",3.7304515838623047,player,[ True],1.0,"{'R': {}, 'Rt': 0.5, 'S': {}, 'St': 0.8, 'K': {}, 'Kt': 9.4877}",1.0,,c,0.0,[     995.44      961.59      48.829      117.24],,2.0,"{'x_bottom_left': -0.05106270389869437, 'y_bottom_left': 34.02430502069434, 'x_bottom_right': 0.6658186069893266, 'y_bottom_right': 34.0236737550604, 'x_bottom_middle': 0.30740341068591737, 'y_bottom_middle': 34.02398936545877}",34.0,1.0,34.0,player,1.0,right,False
5000000001,[      675.7      674.98      25.115      92.873],0.816486,000,1.0,"[[[          1           1           1 ...           1           1           1]
  [          1           1           1 ...           1           1           1]
  [          1           1           1 ...           1           1           1]
  ...
  [          1           1           1 ...           1           1           1]
  [          1           1           1 ...           1           1           1]
  [          1           1           1 ...           1           1           1]]]","[[    0.65576    0.047007           0     0.17965      0.2667           0    0.094083           0    0.019945    0.078856     0.36544    0.023707           0     0.21404     0.48448           0     0.19681           0           0           0    0.011784     0.70158    0.028373    0.011388     0.12119           0
            0    0.067689           0   0.0098557           0      0.2818   0.0040007     0.17523     0.72181     0.10051    0.060892    0.026472    0.068928     0.26991           0           0           0           0     0.27197    0.080383           0           0           0    0.077876     0.18223           0
      0.10126    0.022376    0.036787     0.12953           0    0.076784     0.12734           0           0           0    0.017859     0.12901           0           0    0.038582   0.0063119           0     0.14915           0    0.076823     0.16947      0.1697           0      1.1924     0.14769   0.0043988
            0           0    0.082496    0.018678           0     0.07764    0.092635    0.083095           0     0.30229           0           0    0.031497      0.1455           0    0.062753           0           0     0.72521    0.087343    0.057785           0           0           0           0           0
            0           0           0     0.18944     0.11839    0.056703   0.0076332     0.12339           0     0.11522     0.75839    0.061951     0.11688           0     0.51539    0.092161           0           0           0    0.073523  0.00037021           0           0           0           0           0
     0.053582     0.27624     0.82375           0           0      0.0484           0    0.048989    0.028324     0.14722           0           0     0.17471     0.03744      0.1162    0.015167           0           0           0    0.098971           0    0.037179     0.24582   0.0074859     0.14122           0
    0.0021537    0.037854           0           0           0           0    0.078125           0    0.083353      0.1725           0     0.22979    0.084628    0.041535           0     0.12065           0           0           0           0    0.033057           0    0.016313           0           0           0
     0.048957     0.21474           0           0           0     0.55415     0.16764           0           0    0.043426    0.068827     0.10938           0     0.90596           0           0    0.056662           0    0.090194     0.10564   0.0060492     0.11178      0.1141     0.17416           0           0
       0.1795           0    0.067121           0           0           0           0     0.04357     0.19299     0.14879           0    0.031157           0     0.10734    0.066897           0  0.00063986           0    0.031103    0.058795    0.086754           0     0.14828      0.2805   0.0082874     0.23649
      0.16523    0.029561     0.23951    0.076097    0.043597           0           0           0   0.0011045     0.36909     0.26701           0           0           0    0.022621     0.22586    0.059214    0.034576    0.065874           0     0.14172   0.0026207]]",3.6321921348571777,player,[ True],1.0,"{'R': {}, 'Rt': 0.5, 'S': {}, 'St': 0.8, 'K': {}, 'Kt': 9.4877}",1.0,,c,0.0,[      675.7      674.98      25.115      92.873],,3.0,"{'x_bottom_left': -6.369271515188286, 'y_bottom_left': 20.368591624769874, 'x_bottom_right': -5.8748707357031655, 'y_bottom_right': 20.369492881580484, 'x_bottom_middle': -6.122059031874689, 'y_bottom_middle': 20.369042275220888}",26.0,1.0,26.0,player,0.0,left,False
5000000001,[     1195.9      671.03      31.056      89.738],0.81089824,000,1.0,"[[[          1           1           1 ...           1           1           1]
  [          1           1           1 ...           1           1           1]
  [          1           1           1 ...           1           1           1]
  ...
  [          1           1           1 ...           1           1           1]
  [          1           1           1 ...           1           1           1]
  [          1           1           1 ...           1           1           1]]]","[[          0    0.021746         0.7           0           0    0.098886     0.12779    0.040781           0    0.073327     0.27474    0.028839    0.062614     0.17321     0.28227     0.08626           0    0.052045           0           0           0     0.95302           0    0.097187     0.28868           0
            0           0           0   0.0075941    0.028832      0.4154    0.036768     0.24913    0.093903     0.14127     0.12866     0.12125    0.058313           0           0           0    0.071677           0     0.30088     0.15159           0           0           0    0.072708     0.15051     0.01584
     0.054509    0.013783           0           0           0    0.043826     0.11949           0           0           0           0    0.079282           0           0     0.07443    0.008079           0     0.25584           0    0.019292      0.1576           0           0           0     0.15768           0
            0    0.035521           0      0.1372           0           0           0    0.093625     0.01249           0           0     0.21942    0.035504     0.14712           0    0.043036           0           0     0.29936     0.16098    0.080997           0           0     0.56969    0.021278           0
            0     0.14054           0     0.12756     0.13052           0           0           0   0.0083011    0.024858           0    0.046364   0.0041856           0     0.95335    0.022874           0    0.039204    0.076952    0.065606    0.043536           0           0           0     0.11203           0
     0.066689     0.37094           0           0    0.077736           0    0.097004    0.061975           0    0.022558    0.084193           0           0    0.030654     0.18886    0.046527    0.012634           0           0           0           0           0           0           0    0.038439           0
            0     0.19849           0    0.030472           0           0     0.25049           0     0.14361   0.0091214    0.080639     0.37575    0.010441           0     0.10354    0.097146   0.0017561    0.040913           0   0.0026741     0.49292    0.038343           0           0           0     0.01943
            0     0.34114           0     0.37959    0.094902           0    0.066772           0           0           0           0     0.03472           0           0  0.00010908           0    0.070539     0.12135    0.050352      0.1258    0.022605           0    0.079342    0.076104    0.023475           0
            0    0.058961   0.0017719    0.085964           0    0.087348     0.16068           0     0.19553     0.29645           0     0.10776           0     0.19069    0.087391           0           0    0.067421           0    0.012889    0.092612           0           0     0.24963           0           0
      0.12138  0.00072599     0.21169      0.3192    0.014121    0.082889           0           0    0.023142           0     0.18605           0    0.087177    0.025149    0.044798     0.21754    0.074644    0.022894      0.1212    0.074263     0.10978           0]]",3.6799838542938232,player,[ True],1.0,"{'R': {}, 'Rt': 0.5, 'S': {}, 'St': 0.8, 'K': {}, 'Kt': 9.4877}",1.0,,c,0.0,[     1195.9      671.03      31.056      89.738],,4.0,"{'x_bottom_left': 3.8801661965625134, 'y_bottom_left': 19.968521635208923, 'x_bottom_right': 4.493733112480721, 'y_bottom_right': 19.969691072489532, 'x_bottom_middle': 4.186968318623174, 'y_bottom_middle': 19.96910638942236}",3.0,1.0,3.0,player,1.0,right,False
5000000001,[     307.64      525.34      30.816      83.709],0.79101646,000,1.0,"[[[          1           1           1 ...           1           1           1]
  [          1           1           1 ...           1           1           1]
  [          1           1           1 ...           1           1           1]
  ...
  [          1           1           1 ...           1           1           1]
  [          1           1           1 ...           1           1           1]
  [          1           1           1 ...           1           1           1]]]","[[    0.82931    0.052934           0           0     0.29707           0    0.019715           0    0.019584     0.10086     0.48365    0.085579           0     0.15818     0.46797           0    0.080716           0    0.068985    0.033757           0     0.80696           0     0.12378     0.20303           0
            0     0.11302           0           0           0     0.28526    0.012884    0.066153       0.593           0    0.016385           0    0.039989     0.15792     0.38843    0.031307           0           0     0.27911           0    0.020981           0           0    0.022633    0.060917           0
            0    0.050887    0.084086           0    0.067207     0.09516    0.056203           0     0.12636           0    0.011661    0.034397           0           0    0.026734           0           0           0     0.15492    0.088968    0.089802     0.11766           0      1.0713    0.045839    0.036491
     0.053469    0.043893    0.077742           0           0    0.070479           0    0.022629           0     0.20258           0           0    0.027562    0.089972    0.051019    0.045453           0    0.017749      0.6461    0.086749    0.076634   0.0030346           0           0           0           0
            0           0           0     0.12531    0.061109           0           0     0.28156    0.028102      0.1538     0.78183           0    0.050113           0      0.2106    0.022217    0.062666           0    0.073536    0.069357     0.14907    0.043126           0           0    0.033286     0.25617
      0.11147      0.3029     0.64831           0    0.043822    0.097802     0.03058           0    0.019919     0.31657     0.10979           0     0.12865     0.02915           0           0           0   0.0068408           0     0.20322           0    0.084902           0           0     0.19342     0.07303
            0           0     0.06547           0   0.0052548           0    0.019093           0           0     0.20378           0     0.47511    0.036014    0.057362    0.047138     0.21192           0           0           0    0.015167     0.19592           0           0     0.38237     0.10605           0
    0.0028078     0.18594           0    0.077027           0     0.47049     0.12265           0           0           0     0.17624    0.011331           0      1.0149           0           0    0.050407    0.037185    0.047407    0.081846     0.16378      0.1226     0.16683    0.087396           0    0.046844
      0.13679           0    0.061336           0    0.013566    0.014296    0.075639    0.051244    0.038204    0.054655    0.061986    0.038766           0           0    0.030462           0           0           0    0.011557    0.039895           0           0    0.020641     0.14049           0     0.13341
      0.13144    0.064732      0.2531           0    0.036353    0.073382           0           0    0.041979    0.012669      0.2865           0           0           0    0.019898     0.33624    0.052978     0.01374           0     0.39869   0.0091221     0.11042]]",3.706146001815796,player,[ True],1.0,"{'R': {}, 'Rt': 0.5, 'S': {}, 'St': 0.8, 'K': {}, 'Kt': 9.4877}",1.0,,c,0.0,[     307.64      525.34      30.816      83.709],,5.0,"{'x_bottom_left': -16.480110439791552, 'y_bottom_left': 9.055401816940712, 'x_bottom_right': -15.744327225858473, 'y_bottom_right': 9.058384418218548, 'x_bottom_middle': -16.112192100408286, 'y_bottom_middle': 9.056893225943256}",,0.0,,player,0.0,left,False
5000000001,[     22.094      624.89      30.036      92.124],0.7878846,000,1.0,"[[[          1           1           1 ...           1           1           1]
  [          1           1           1 ...           1           1           1]
  [          1           1           1 ...           1           1           1]
  ...
  [          1           1           1 ...           1           1           1]
  [          1           1           1 ...           1           1           1]
  [          1           1           1 ...           1           1           1]]]","[[    0.75971    0.026745           0    0.013415      0.3913           0    0.067263           0      0.1167    0.086716     0.53659    0.064725           0    0.090939     0.60613           0     0.15256           0           0           0           0     0.76873           0    0.027561     0.19408           0
            0    0.072755           0    0.012124           0     0.30983    0.010221     0.19434     0.61697    0.049282    0.049842    0.051431   0.0051671     0.24907     0.15313           0           0           0     0.23685    0.017518    0.036558           0           0     0.04202      0.1497           0
      0.11039    0.040993           0    0.076728           0     0.10012     0.08568           0           0           0    0.016611    0.036738           0           0    0.069021           0           0           0           0     0.12558     0.19904    0.027464           0      1.1332     0.08741    0.044043
            0           0     0.17624    0.024455           0     0.15815    0.036939     0.16089           0      0.1799           0           0    0.048439     0.12704           0    0.088722           0           0     0.66798    0.096065    0.070299           0           0     0.22106           0           0
            0   0.0025099           0     0.16611           0           0           0     0.14715           0    0.098627      0.6726    0.012753    0.087412           0     0.35241    0.029578           0           0    0.013521    0.090601    0.059392   0.0017912           0           0           0    0.052186
    0.0010902     0.11133     0.74883           0           0    0.059375   0.0075351           0   0.0076325     0.10131           0           0    0.098642   0.0091893    0.089022     0.06318           0           0           0    0.075443           0     0.11158           0  0.00027901    0.065762           0
    0.0064063           0           0           0   0.0023021           0     0.10621           0    0.073422    0.097436           0      0.1619     0.11163    0.012765     0.09561     0.18623           0           0           0           0     0.20958           0           0     0.18588           0           0
     0.021604     0.23808           0           0           0      0.5594     0.15928           0           0           0     0.20125     0.10231           0     0.83802           0           0   0.0012574           0     0.05796    0.084831    0.087902     0.16999     0.13719    0.088013    0.028947           0
      0.10766           0    0.093159    0.039366           0    0.023505           0    0.019089     0.20504     0.28536           0     0.10128           0    0.027275     0.12177           0           0           0    0.021844    0.060381    0.041712           0           0      0.2372           0    0.086052
      0.10293    0.078249      0.1959     0.14101   0.0071523    0.051009           0           0    0.044472           0      0.5333           0           0    0.038263   0.0051679     0.32135     0.11876    0.014538    0.089304    0.059681     0.13372    0.031185]]",3.616072654724121,player,[ True],1.0,"{'R': {}, 'Rt': 0.5, 'S': {}, 'St': 0.8, 'K': {}, 'Kt': 9.4877}",1.0,,c,0.0,[     22.094      624.89      30.036      92.124],,6.0,"{'x_bottom_left': -20.401654502938012, 'y_bottom_left': 17.17294199333191, 'x_bottom_right': -19.772419815110894, 'y_bottom_right': 17.17448269428877, 'x_bottom_middle': -20.087017623595145, 'y_bottom_middle': 17.17371239164345}",5.0,1.0,5.0,player,0.0,left,False
5000000001,[     1358.5       485.1       24.95      75.097],0.7746918,000,1.0,"[[[          1           1           1 ...           1           1           1]
  [          1           1           1 ...           1           1           1]
  [          1           1           1 ...           1           1           1]
  ...
  [          1           1           1 ...           1           1           1]
  [          1           1           1 ...           1           1           1]
  [          1           1           1 ...           1           1           1]]]","[[          0    0.071131     0.53628           0           0           0   0.0026417    0.047226    0.088763           0     0.23149           0    0.026174     0.31546     0.31738    0.098221           0     0.13519    0.029108     0.26873           0     0.74434    0.040543           0     0.13032    0.064052
      0.21567    0.039908           0           0    0.019599     0.27003    0.029534     0.16235    0.069113     0.04263    0.058677    0.043103           0           0           0   0.0010277           0           0    0.071573     0.08627    0.024708           0    0.089623   0.0036684           0           0
     0.048698    0.025238   0.0075933           0     0.11505     0.21361    0.070771           0           0           0           0     0.17661           0           0    0.023195    0.017199   0.0091671     0.20517    0.063463           0           0     0.12725     0.03634     0.13201    0.064334           0
     0.039259           0           0           0           0     0.15058     0.12209     0.12475    0.026954     0.23049           0           0    0.023813     0.27778     0.18048     0.11309           0           0           0     0.10446   0.0059138    0.069961    0.085458     0.40631     0.14186     0.14007
            0    0.015834           0           0     0.11825           0           0     0.14859     0.25507    0.046968      0.1841           0     0.13678           0     0.15552           0     0.16001     0.17892     0.16215    0.077623     0.14061    0.045397           0    0.015243     0.31322     0.12381
     0.049402      0.2839           0           0     0.13528    0.049941    0.045079     0.10552     0.11649      0.1341           0    0.040236     0.10295     0.03879           0           0           0           0           0           0           0           0    0.056393           0     0.12015    0.033563
            0     0.20043    0.045367           0    0.026568           0    0.026019           0    0.056032           0           0    0.059661           0   0.0076367      0.1827    0.094628   0.0080505    0.072774           0    0.021267     0.33785     0.11473           0    0.039694    0.071427     0.07471
            0     0.33952           0     0.11314     0.07875     0.12498           0    0.049209           0           0      0.1163           0           0     0.20156           0           0    0.048082    0.070993    0.050719           0     0.10157           0           0     0.15322           0           0
     0.086318    0.070148           0     0.13036           0    0.028765           0           0    0.064121      0.1227     0.12751    0.065553           0     0.13955    0.037392           0           0    0.025316   0.0019751           0     0.14472   0.0062221           0     0.32877           0     0.26612
      0.10797    0.071355     0.32805     0.73906    0.050287     0.19211           0           0      0.1172     0.12902     0.46584           0    0.019657           0   0.0073064     0.11034     0.16399           0    0.026258     0.17478           0    0.079784]]",3.628605842590332,player,[ True],1.0,"{'R': {}, 'Rt': 0.5, 'S': {}, 'St': 0.8, 'K': {}, 'Kt': 9.4877}",1.0,,c,0.0,[     1358.5       485.1       24.95      75.097],,7.0,"{'x_bottom_left': 9.0688123916338, 'y_bottom_left': 4.697285165365877, 'x_bottom_right': 9.698894852116332, 'y_bottom_right': 4.700397326781357, 'x_bottom_middle': 9.383873324578214, 'y_bottom_middle': 4.698841343391032}",,0.0,,player,1.0,right,False
5000000001,[     870.26      608.14      36.357      80.575],0.7669363,000,1.0,"[[[          1           1           1 ...           1           1           1]
  [          1           1           1 ...           1           1           1]
  [          1           1           1 ...           1           1           1]
  ...
  [          1           1           1 ...           1           1           1]
  [          1           1           1 ...           1           1           1]
  [          1           1           1 ...           1           1           1]]]","[[    0.30024    0.077523           0           0    0.072314     0.12363           0           0     0.16905     0.10306    0.061997    0.082754           0    0.067327           0           0     0.12897    0.057748           0           0           0           0    0.034977    0.036337           0     0.11116
            0           0           0   0.0036182    0.057989           0  0.00081773    0.035933     0.33739           0    0.083002           0           0     0.12638    0.078008    0.096958           0           0     0.15743           0     0.15929           0           0           0    0.098632           0
      0.41133    0.010706           0    0.017346     0.35608     0.02664    0.047749           0     0.29968           0     0.04388     0.10139  0.00020584           0     0.12168    0.036337           0           0    0.086001           0    0.027539    0.044235    0.055954     0.56169     0.18101    0.020704
     0.054512           0     0.32286           0           0           0           0           0           0     0.25503           0           0    0.034732    0.099127     0.18178     0.10147     0.27346           0     0.12487   0.0032508    0.051131    0.018666    0.055538           0           0    0.075209
            0           0           0    0.086976    0.041681           0           0      0.1875           0    0.043288     0.44459           0    0.099124     0.07932   0.0058411     0.12397     0.12417           0    0.020634           0     0.07126    0.064747           0           0      0.1633     0.17585
    0.0067564     0.17318      0.2411           0   0.0092325           0    0.026506           0     0.12318     0.14641     0.30894           0     0.21196    0.024024           0           0           0     0.11951           0     0.10258           0           0     0.41651           0    0.092841     0.19797
    0.0013685           0    0.024073           0           0           0           0           0           0           0           0     0.32615     0.12423           0     0.29507     0.17904           0           0           0           0     0.32205           0           0     0.48182    0.071455     0.18059
     0.012788     0.05764           0     0.14113           0     0.36404     0.14776           0           0           0    0.084521           0           0     0.14284    0.025911           0     0.12303           0    0.081536    0.079138     0.17584    0.002589    0.073961     0.25505    0.094053           0
     0.056746           0    0.028989           0           0           0     0.19009    0.038431     0.15932           0           0           0           0           0    0.015498           0           0           0    0.011566           0    0.079476           0     0.17946     0.17251    0.086669     0.23439
      0.13325    0.092623     0.11478           0    0.064385    0.048376           0    0.028237    0.019749           0    0.073888           0           0           0           0   0.0060067           0           0           0           0           0     0.12044]]",0.991750180721283,referee,[ True],1.0,"{'R': {}, 'Rt': 0.5, 'S': {}, 'St': 0.8, 'K': {}, 'Kt': 9.4877}",1.0,,c,0.0,[     870.26      608.14      36.357      80.575],,8.0,"{'x_bottom_left': -2.7846266637740538, 'y_bottom_left': 15.292732680382562, 'x_bottom_right': -2.002867112884031, 'y_bottom_right': 15.29494460825726, 'x_bottom_middle': -2.393716628726327, 'y_bottom_middle': 15.293838729937104}",,0.0,,referee,,nan,False
5000000001,[     1397.8      403.72      24.401      67.819],0.7432616,000,1.0,"[[[          1           1           1 ...           1           1           1]
  [          1           1           1 ...           1           1           1]
  [          1           1           1 ...           1           1           1]
  ...
  [          1           1           1 ...           1           1           1]
  [          1           1           1 ...           1           1           1]
  [          1           1           1 ...           1           1           1]]]","[[    0.37842    0.032024     0.17434     0.09396     0.10285     0.12551    0.091789    0.039917           0     0.15107     0.45351    0.043694     0.12567     0.14228     0.53263           0           0    0.049231    0.041985     0.23134   0.0043035     0.95771    0.038142    0.091993     0.15183           0
            0    0.067686   0.0048692           0           0     0.44273    0.045121     0.10201     0.15355    0.086927     0.07467    0.014496    0.093124           0   0.0060663           0     0.06457           0     0.23699           0  0.00059319           0           0    0.019153    0.070143           0
            0   0.0045226    0.098345           0     0.14483     0.15798    0.066322           0           0           0           0     0.13901           0           0   0.0058851    0.049692           0           0     0.07302    0.050734           0     0.17731    0.031693     0.58277     0.10851           0
     0.082559    0.013303    0.020473    0.038637           0    0.012978           0    0.043654           0    0.081483           0     0.16033    0.060536      0.2553           0    0.057445    0.083399   0.0073364     0.12769    0.051664    0.077931     0.10452           0     0.24185     0.30587    0.012911
       0.1662    0.058379           0           0     0.10308           0           0     0.18042     0.18412     0.14146     0.38001    0.013141           0           0     0.65984           0     0.12113    0.065954    0.053689     0.14293     0.15279           0           0           0    0.076995     0.13864
      0.14222     0.27309     0.42136           0    0.014768    0.005727     0.13275    0.047646           0     0.28145    0.057661           0     0.20595    0.060596           0           0           0           0    0.063095     0.10565     0.04817           0      0.2809           0     0.10079           0
            0     0.13177    0.020916           0    0.097099           0           0           0    0.059391    0.042048           0     0.35835    0.020392           0           0     0.14134           0    0.065941   0.0023736    0.054141     0.38531    0.089854           0     0.14832     0.16522           0
            0     0.25289    0.036027     0.36559           0     0.19427     0.03351           0    0.065322    0.038695           0    0.011747           0     0.26906           0           0     0.10442     0.12655    0.007448     0.09451     0.24108           0    0.065599    0.096373           0           0
     0.033956    0.066625    0.020936           0           0    0.037699    0.031981  0.00022509     0.10688    0.036008           0    0.053074           0           0    0.040587           0           0           0           0    0.020568           0     0.11046           0     0.19279           0    0.038248
      0.18727   0.0064057     0.10056     0.23902    0.013087      0.2144           0           0           0           0       0.091           0           0    0.038832    0.043552     0.25917    0.006035    0.023063    0.014132    0.026519    0.041906    0.009241]]",3.7324411869049072,player,[ True],1.0,"{'R': {}, 'Rt': 0.5, 'S': {}, 'St': 0.8, 'K': {}, 'Kt': 9.4877}",1.0,,c,0.0,[     1397.8      403.72      24.401      67.819],,9.0,"{'x_bottom_left': 11.477976605713337, 'y_bottom_left': -5.1655320137470335, 'x_bottom_right': 12.180860542827215, 'y_bottom_right': -5.160681849946819, 'x_bottom_middle': 11.829443104926284, 'y_bottom_middle': -5.163106762576164}",,0.0,,player,1.0,right,False
5000000001,[      383.9      393.26      19.842      66.641],0.7226924,000,1.0,"[[[          1           1           1 ...           1           1           1]
  [          1           1           1 ...           1           1           1]
  [          1           1           1 ...           1           1           1]
  ...
  [          1           1           1 ...           1           1           1]
  [          1           1           1 ...           1           1           1]
  [          1           1           1 ...           1           1           1]]]","[[    0.84618    0.068755           0           0     0.49983           0    0.020003           0           0    0.059642     0.51337    0.069423           0     0.16253     0.48757           0     0.22749           0     0.06105    0.044485           0     0.71735    0.040949    0.095038     0.14832           0
            0     0.11137           0           0           0     0.39186   0.0033562     0.10701     0.61938   0.0034984    0.042301    0.094458    0.050376     0.22451     0.48962    0.016595   0.0089983           0     0.19091           0    0.021935           0           0    0.012667    0.089685           0
      0.27044     0.06575    0.069467           0    0.022649     0.10289     0.05582           0           0   0.0070214     0.02138    0.047055           0           0    0.018538           0           0           0           0     0.16164      0.1006     0.12705           0      1.0108    0.079816    0.057398
     0.022345  0.00050733     0.13672           0           0      0.1785    0.054841      0.1809           0     0.20321           0           0    0.095445     0.13048    0.065279    0.077753           0    0.004506     0.60884     0.12286           0    0.073467           0     0.02604           0           0
     0.059249           0           0     0.17564    0.033781   0.0032232           0     0.28645    0.017564     0.18712      0.9273   0.0066334           0           0     0.32405    0.043863           0           0    0.017713     0.05371     0.13128    0.078228           0           0           0     0.31727
      0.20319    0.097981     0.74855           0    0.027753    0.085496    0.019504           0     0.05247       0.261           0           0     0.24529    0.014572    0.082367    0.017669           0           0    0.068532     0.19274           0     0.17048    0.063135           0     0.13527           0
            0           0    0.033018           0   0.0029046           0    0.010173           0      0.1095     0.22869           0     0.12883    0.047079    0.076281      0.1095     0.28008           0           0    0.034612           0    0.050113           0           0     0.11083   0.0043005           0
     0.030731     0.21818           0           0           0      0.5829       0.113           0   0.0042871           0     0.29709    0.059854           0     0.97872           0    0.099355     0.05466    0.065381    0.059313    0.026962     0.11462     0.13564     0.15788      0.1193           0    0.026552
     0.090227           0    0.042347           0   0.0061456    0.057607           0    0.079465    0.088127     0.18783           0    0.077413           0    0.031791    0.053539           0           0           0     0.01604    0.052829    0.019974           0     0.11293     0.27199           0     0.12676
      0.13039    0.077558     0.13756     0.07023           0     0.07824           0           0    0.066851           0     0.30505           0           0    0.075842    0.049303      0.3491    0.060304    0.010799    0.017613    0.011171    0.090039       0.122]]",3.6298978328704834,player,[ True],1.0,"{'R': {}, 'Rt': 0.5, 'S': {}, 'St': 0.8, 'K': {}, 'Kt': 9.4877}",1.0,,c,0.0,[      383.9      393.26      19.842      66.641],,10.0,"{'x_bottom_left': -18.24481956083884, 'y_bottom_left': -6.886869049638206, 'x_bottom_right': -17.65551527029855, 'y_bottom_right': -6.882626218362492, 'x_bottom_middle': -17.95015027362564, 'y_bottom_middle': -6.884747510582997}",,0.0,,player,0.0,left,False
5000000001,[     663.72      432.18       24.66      64.454],0.7179802,000,1.0,"[[[          1           1           1 ...           1           1           1]
  [          1           1           1 ...           1           1           1]
  [          1           1           1 ...           1           1           1]
  ...
  [          1           1           1 ...           1           1           1]
  [          1           1           1 ...           1           1           1]
  [          1           1           1 ...           1           1           1]]]","[[     1.1003    0.019573           0           0     0.49491           0   0.0016776           0    0.039264    0.093282     0.26025    0.040033           0     0.14825     0.38378           0    0.027688           0    0.075871           0    0.005269     0.72456    0.018042     0.12158     0.22754           0
            0     0.11519           0    0.030019           0      0.2502   0.0066715      0.1291     0.84988    0.028324     0.10334           0    0.020588     0.25357     0.20083           0    0.083642           0      0.1541           0    0.043671   0.0001241           0   0.0057151     0.10205   0.0029608
     0.067468     0.13602    0.021867    0.039811    0.081412    0.066373    0.020564           0     0.28272    0.015829    0.019355     0.09127           0     0.01259    0.039247           0           0           0           0    0.018266    0.069333     0.14888           0     0.98165    0.037127    0.033131
      0.07933    0.021158     0.22796           0           0    0.012955    0.016412           0           0     0.29715           0           0    0.070442     0.12223    0.078452    0.067475           0     0.07218     0.27868     0.15716    0.057209           0    0.006118     0.18815           0    0.095205
            0           0   0.0045353     0.20071    0.042894           0           0      0.1123           0     0.18983     0.72265           0    0.083689           0     0.25447    0.014743     0.14796           0    0.045934     0.05935     0.03042    0.084297           0           0      0.1168     0.11825
      0.12011           0     0.51171           0    0.016371    0.056174    0.010342    0.033772    0.060323     0.21982    0.039225           0     0.27481    0.010413           0           0           0           0     0.15088     0.18606           0           0      0.1397           0      0.1563     0.14835
            0           0           0     0.21355    0.020227           0    0.052998           0           0     0.24989     0.17162     0.61906    0.082927    0.068701     0.10344     0.22708           0           0    0.032841           0      0.1485    0.025632           0      0.1614           0    0.037733
            0    0.097004           0     0.29104           0     0.24334     0.12544   0.0079657    0.022811    0.030512     0.19637    0.064555           0      1.1784           0    0.049297     0.02266    0.013955    0.032015    0.030074     0.23357    0.084803     0.12686     0.21493    0.031496           0
     0.048268           0    0.033584           0    0.052301    0.043369    0.084646    0.061122     0.11322     0.11064     0.12524   0.0047499           0    0.030512    0.013652           0           0           0           0           0    0.077066           0     0.12464     0.46232     0.02922     0.18626
      0.10321    0.089997     0.22544    0.068897    0.040437     0.14723           0           0     0.10979     0.33915     0.19276    0.025956           0           0     0.04256     0.15431     0.17461           0    0.019315     0.47597           0    0.078533]]",3.6773030757904053,player,[ True],1.0,"{'R': {}, 'Rt': 0.5, 'S': {}, 'St': 0.8, 'K': {}, 'Kt': 9.4877}",1.0,,c,0.0,[     663.72      432.18       24.66      64.454],,11.0,"{'x_bottom_left': -9.381575801315577, 'y_bottom_left': -2.2287592500680797, 'x_bottom_right': -8.692961289653576, 'y_bottom_right': -2.2244271196843615, 'x_bottom_middle': -9.03724509789942, 'y_bottom_middle': -2.226593037365539}",,0.0,,player,0.0,left,False
5000000001,[     870.07       557.3      20.497      76.881],0.6838587,000,1.0,"[[[          1           1           1 ...           1           1           1]
  [          1           1           1 ...           1           1           1]
  [          1           1           1 ...           1           1           1]
  ...
  [          1           1           1 ...           1           1           1]
  [          1           1           1 ...           1           1           1]
  [          1           1           1 ...           1           1           1]]]","[[    0.82166    0.050144           0           0     0.30697           0   0.0034481           0     0.16677    0.075161     0.44728    0.044863           0     0.14361     0.49116           0     0.34453           0    0.071066    0.046974    0.013519      1.0157           0    0.021527     0.22101           0
            0    0.089126           0           0           0     0.43384           0    0.064216     0.57981    0.028561     0.05587    0.049231    0.025908     0.11588     0.49396           0    0.032799           0     0.29151           0    0.031984           0           0    0.031347      0.1263           0
     0.091945    0.071946     0.14025           0    0.074374     0.12358    0.016854           0           0           0    0.021885    0.057126           0           0   0.0044546   0.0069645           0           0    0.084821     0.20569    0.067078     0.20317           0     0.94366     0.13843    0.058286
     0.059728           0     0.20621           0           0     0.29414    0.030092     0.10883           0     0.19945           0    0.026059    0.044781           0           0     0.10368           0    0.026967     0.32545    0.069778    0.077549    0.076721           0     0.11872    0.024985           0
      0.12041   0.0015814    0.051565     0.10873    0.034466    0.012304           0     0.17753    0.087527     0.13309     0.71626           0    0.058649           0     0.39119    0.065032           0           0    0.087871    0.058876    0.063885    0.046027           0           0    0.023472    0.076456
      0.35246           0     0.91804           0    0.057259     0.12135    0.040802           0    0.067919     0.21771     0.23663           0     0.26916    0.046472     0.19753    0.000169           0    0.051953           0     0.20591    0.055998     0.09485     0.10592           0     0.17236    0.066919
     0.020527           0    0.022928           0    0.031148           0           0           0     0.13295     0.16148           0     0.25822    0.068141    0.071067           0     0.24075           0   0.0056212    0.055203           0     0.16903           0    0.014489     0.30109      0.1995           0
            0      0.2189           0    0.014037           0     0.68918     0.12981           0           0    0.043852     0.18476    0.060136           0      1.0057           0           0    0.039908  8.7619e-06    0.012347           0     0.18728     0.25077       0.101     0.12868     0.10327     0.05475
       0.1288           0    0.079256           0    0.049519    0.029737           0     0.06789     0.11614     0.10597           0    0.057836           0     0.15501    0.085826           0           0           0      0.0314    0.024432    0.041474    0.032764    0.077647     0.19201   0.0017318     0.25499
      0.12636    0.065282     0.12797     0.38277    0.073233    0.045507           0    0.035064    0.034994    0.052619     0.50082           0           0    0.045096    0.052798     0.26567    0.047866    0.051301    0.025281     0.28044    0.024972     0.12265]]",3.686436176300049,player,[ True],1.0,"{'R': {}, 'Rt': 0.5, 'S': {}, 'St': 0.8, 'K': {}, 'Kt': 9.4877}",1.0,,c,0.0,[     870.07       557.3      20.497      76.881],,12.0,"{'x_bottom_left': -2.9847423986265538, 'y_bottom_left': 11.19512509939816, 'x_bottom_right': -2.513447821060467, 'y_bottom_right': 11.196840965144796, 'x_bottom_middle': -2.7490841129213006, 'y_bottom_middle': 11.195983072308522}",,0.0,,player,0.0,left,False
5000000001,[     1012.3      437.18      22.932      67.796],0.6536337,000,1.0,"[[[          1           1           1 ...           1           1           1]
  [          1           1           1 ...           1           1           1]
  [          1           1           1 ...           1           1           1]
  ...
  [          1           1           1 ...           1           1           1]
  [          1           1           1 ...           1           1           1]
  [          1           1           1 ...           1           1           1]]]","[[    0.17965    0.037339     0.43086     0.22847           0    0.055985    0.065508    0.055743           0    0.020592     0.37735    0.059034           0     0.33691     0.59437    0.083789           0     0.13076           0     0.21037           0     0.77255     0.02559           0      0.1391           0
            0   0.0070682           0  0.00033628    0.049434     0.41197    0.053055     0.10389     0.33884    0.045494      0.1514   0.0086967    0.063018           0           0           0      0.0461     0.22211     0.42731     0.21074    0.046913           0           0           0     0.09521           0
            0           0    0.015797           0           0    0.047629     0.16947           0    0.064777           0           0     0.15223           0           0   0.0043547    0.059748    0.042722     0.13214           0           0           0    0.039989           0     0.52806     0.14054           0
     0.049048           0           0     0.10339           0    0.017542  0.00083981    0.050874    0.014718     0.03048           0    0.055524    0.088056     0.28584    0.018992    0.041638           0    0.010443     0.21202    0.073462    0.075656    0.098925           0      0.1842    0.070001     0.19498
     0.039932    0.030035           0     0.13537     0.12899           0           0     0.18184     0.14189    0.092056     0.25525           0    0.013373           0     0.75586           0           0    0.022615    0.075708    0.078512     0.18308           0           0           0     0.13357   0.0051401
            0     0.38564    0.086085           0           0           0    0.097614    0.049561           0     0.25145           0           0     0.15605           0     0.18783           0    0.063207           0           0     0.11483           0           0     0.30394           0     0.11051     0.24555
            0      0.2502   0.0053638           0    0.028276           0           0    0.068028     0.10772           0     0.11282     0.14206    0.090154    0.011554   0.0017831     0.11371           0    0.047197           0    0.037222     0.32077    0.057249           0           0           0           0
            0     0.16987           0    0.036563           0      0.1901   0.0088998           0           0   0.0012661     0.07456    0.034298           0       0.252     0.11248           0     0.06248     0.16887    0.038325           0     0.28084           0           0     0.14568           0           0
      0.14824    0.073134    0.017598           0           0   0.0087304           0           0     0.13665     0.17148           0    0.066834           0     0.20125    0.043146           0           0           0           0           0      0.1191    0.029261           0     0.21775           0           0
      0.15617     0.06876      0.1694     0.34014    0.046289     0.18452           0           0    0.025087           0     0.12862           0    0.042551           0    0.026432     0.16603    0.082797    0.046634   0.0088074           0    0.090082    0.035784]]",3.619684934616089,player,[ True],1.0,"{'R': {}, 'Rt': 0.5, 'S': {}, 'St': 0.8, 'K': {}, 'Kt': 9.4877}",1.0,,c,0.0,[     1012.3      437.18      22.932      67.796],,13.0,"{'x_bottom_left': 0.3316643766077082, 'y_bottom_left': -1.1965131602372807, 'x_bottom_right': 0.9614938794120613, 'y_bottom_right': -1.192672054854318, 'x_bottom_middle': 0.6465987808090079, 'y_bottom_middle': -1.1945924876903937}",,0.0,,player,1.0,right,False
5000000001,[      727.5      338.06      18.325      55.167],0.6532438,000,1.0,"[[[          1           1           1 ...           1           1           1]
  [          1           1           1 ...           1           1           1]
  [          1           1           1 ...           1           1           1]
  ...
  [          1           1           1 ...           1           1           1]
  [          1           1           1 ...           1           1           1]
  [          1           1           1 ...           1           1           1]]]","[[     0.7563     0.11034           0           0     0.24998           0           0           0     0.15211    0.015008     0.10013    0.046825           0     0.29522     0.47907           0     0.18948           0    0.073697      0.1127    0.020645     0.84613    0.055734     0.11767      0.1471           0
            0     0.16274           0           0           0      0.2152    0.037151     0.12708     0.72294           0           0           0    0.011223     0.12414     0.27242     0.01687           0           0     0.27751           0    0.042331           0           0           0    0.089105           0
      0.24496    0.097361     0.12183    0.056104           0           0    0.083732           0           0           0     0.06703    0.071647     0.02429           0    0.070441      0.0102           0           0      0.1308    0.076918    0.097066     0.18693           0      1.2337    0.077429     0.03188
     0.010325           0    0.067694           0           0    0.077447           0    0.086541           0     0.21385           0           0    0.095516     0.13744     0.12721    0.094904           0    0.052298     0.57356   0.0078309           0    0.084044    0.092352           0           0           0
     0.032744           0           0    0.070337    0.026718    0.037261  0.00094681     0.14603    0.021351     0.15324     0.59769           0      0.1094           0     0.28192           0           0    0.036762    0.069363    0.093354     0.17874      0.1086           0           0    0.029762     0.34707
      0.19218     0.12797     0.41025           0     0.02267    0.017131    0.036897    0.024049    0.048262     0.27775           0           0      0.2523     0.06315           0    0.043183           0           0           0     0.15373    0.023378     0.12981           0           0     0.19628    0.029319
     0.015957           0     0.04328           0    0.023374           0           0           0           0     0.12391    0.030716     0.40011    0.049283           0     0.26775     0.26403           0           0    0.016189           0      0.2008           0           0     0.16579     0.08664           0
    0.0027099     0.18986           0           0           0     0.45675     0.15422     0.13682           0    0.022645     0.12812           0           0     0.94458           0    0.079733    0.062228    0.035882    0.068071           0     0.22241    0.089101     0.14331    0.068042     0.02948    0.049183
     0.089369           0    0.075028           0           0    0.029411    0.070765    0.074208    0.089918    0.085169    0.033738           0           0     0.26164    0.073251           0           0           0    0.023427    0.063343     0.16808           0           0     0.16207    0.012699     0.27695
     0.066172    0.081215     0.24806      0.3656    0.047566     0.13194           0           0    0.023914    0.070485     0.23236           0           0           0    0.044008      0.1901    0.046604    0.043103    0.035241     0.34617    0.029037    0.051354]]",3.7406539916992188,player,[ True],1.0,"{'R': {}, 'Rt': 0.5, 'S': {}, 'St': 0.8, 'K': {}, 'Kt': 9.4877}",1.0,,c,0.0,[      727.5      338.06      18.325      55.167],,14.0,"{'x_bottom_left': -9.048228921394758, 'y_bottom_left': -16.736626994215, 'x_bottom_right': -8.439852907515329, 'y_bottom_right': -16.731053654684846, 'x_bottom_middle': -8.744022611756137, 'y_bottom_middle': -16.733840156778694}",,0.0,,player,0.0,left,False
5000000001,[      952.8       378.1      21.126      61.527],0.6208435,000,1.0,"[[[          1           1           1 ...           1           1           1]
  [          1           1           1 ...           1           1           1]
  [          1           1           1 ...           1           1           1]
  ...
  [          1           1           1 ...           1           1           1]
  [          1           1           1 ...           1           1           1]
  [          1           1           1 ...           1           1           1]]]","[[     1.1223           0           0      0.1359     0.40347           0    0.095329           0           0     0.09063     0.39875    0.092553           0     0.20702     0.43214           0     0.22297           0    0.064818     0.08826           0      0.4726           0     0.10724    0.097148           0
            0     0.12513    0.027032           0           0     0.46451    0.013744    0.040122     0.60497    0.043001           0           0     0.05411     0.27994     0.16267           0    0.031829           0    0.045663    0.019918           0           0           0           0    0.060369           0
      0.13384    0.015033    0.089431    0.045993           0    0.048727    0.071736           0           0           0    0.033671    0.094262           0           0    0.011765           0           0           0   0.0061202     0.13035    0.059524    0.096055           0      1.2954    0.085295    0.053191
    0.0067684           0     0.33183           0           0     0.15397    0.061819     0.09255           0     0.12481           0           0    0.046708    0.064443    0.077338    0.065353    0.069808    0.031372      0.4043    0.078432    0.084326    0.020024           0     0.03091           0           0
       0.1858    0.014741   0.0057725     0.23984           0    0.040067    0.021218      0.2369           0     0.21761     0.64945    0.048329    0.046164           0     0.50305    0.018242      0.1747     0.18686           0    0.074146     0.07094    0.020458           0           0           0           0
      0.18565           0      1.0364           0           0     0.11376           0    0.036308           0     0.21542     0.11889           0     0.50993  9.6045e-05     0.13561           0           0           0           0     0.14921    0.078601   0.0069486     0.15352           0     0.22652           0
            0           0   0.0065709           0    0.063978           0           0    0.014797           0     0.25261           0     0.63787     0.10546    0.096474           0    0.094347           0    0.025472    0.013437           0     0.12046           0  0.00011041    0.078411    0.075095    0.012355
     0.027474     0.22803    0.022283           0           0     0.89868     0.10293           0           0    0.045357    0.073275    0.094992           0      1.0778           0    0.048092     0.17112    0.077731   0.0036865    0.098167     0.16658     0.18424     0.14107     0.25982    0.053739           0
      0.14745    0.053866    0.088214           0           0           0           0  0.00062621     0.16371    0.083542           0    0.051066           0    0.003284     0.05566           0           0           0    0.061321    0.020204           0   0.0085394    0.000341     0.16072           0     0.32207
        0.136     0.02879     0.25364           0    0.027594           0           0    0.060102  0.00075199     0.23967     0.14697    0.030628           0           0    0.031952     0.29011   0.0026614    0.047085           0           0    0.091642    0.023099]]",3.6547889709472656,player,[ True],1.0,"{'R': {}, 'Rt': 0.5, 'S': {}, 'St': 0.8, 'K': {}, 'Kt': 9.4877}",1.0,,c,0.0,[      952.8       378.1      21.126      61.527],,15.0,"{'x_bottom_left': -1.4519000406752325, 'y_bottom_left': -9.541394860522797, 'x_bottom_right': -0.8073306498853479, 'y_bottom_right': -9.536399764766651, 'x_bottom_middle': -1.1295947690917505, 'y_bottom_middle': -9.538897153189383}",,0.0,,player,0.0,left,False
5000000001,[     933.96       450.3      21.407      67.428],0.6203312,000,1.0,"[[[          1           1           1 ...           1           1           1]
  [          1           1           1 ...           1           1           1]
  [          1           1           1 ...           1           1           1]
  ...
  [          1           1           1 ...           1           1           1]
  [          1           1           1 ...           1           1           1]
  [          1           1           1 ...           1           1           1]]]","[[   0.094633    0.043268     0.53922    0.048005           0           0    0.079908    0.097036           0           0           0    0.095729    0.041585     0.49784     0.48104    0.074653           0    0.073108           0           0           0     0.99045    0.031682    0.039617    0.064313    0.069288
            0     0.11095           0           0           0     0.41387    0.027291     0.10828     0.18665    0.056369    0.054572     0.15154    0.096479           0           0           0    0.033703     0.15658     0.37287    0.056956    0.069352           0           0           0    0.027444     0.26442
            0    0.066296    0.047093    0.014719    0.047549           0     0.18886           0    0.071894           0           0     0.15508           0           0    0.006501    0.061766    0.014923    0.049096    0.049707           0    0.041341     0.16982           0     0.60135      0.1557           0
     0.016828    0.096498           0    0.043166           0    0.089591           0           0   0.0097599           0           0      0.4928    0.075464     0.31156     0.13198    0.057958           0           0    0.076861     0.15324      0.1053    0.093402           0           0     0.18549     0.23429
      0.04119    0.056611           0    0.097109     0.18355           0           0    0.027127    0.039779      0.1147     0.46456    0.028055           0           0      1.1346    0.011065    0.015186           0    0.046902    0.097434      0.1267   0.0099033           0           0     0.46537           0
     0.053002     0.29933    0.078327           0    0.073578           0    0.041609     0.11104     0.04817     0.26018           0           0     0.17707    0.054507           0           0     0.08329           0           0    0.054321    0.028032           0     0.32007           0    0.037076     0.24327
            0    0.012461    0.062955           0    0.021614    0.077091    0.089473           0     0.10507           0     0.18596     0.38578           0     0.11799    0.071642     0.06671           0           0           0     0.04042           0    0.084481           0           0    0.029457           0
     0.038035     0.37143    0.082811           0           0           0     0.04679           0           0    0.034209    0.053934    0.057244           0     0.47202    0.043321   0.0077567     0.11788     0.12449    0.048873           0    0.029751           0   0.0022596     0.02858           0  0.00097559
      0.12252    0.058668     0.00337    0.031193    0.042279           0    0.025066    0.044946    0.040723     0.07907   0.0063758    0.074703           0     0.05624           0    0.009688           0           0           0           0           0    0.036575  0.00071374     0.31022           0    0.055777
     0.088777    0.016203           0     0.24098  0.00053605     0.16551           0           0   0.0029459     0.42969     0.19699           0           0           0     0.06506     0.32506    0.083944    0.024805    0.056994     0.12868           0           0]]",3.7270262241363525,player,[ True],1.0,"{'R': {}, 'Rt': 0.5, 'S': {}, 'St': 0.8, 'K': {}, 'Kt': 9.4877}",1.0,,c,0.0,[     933.96       450.3      21.407      67.428],,16.0,"{'x_bottom_left': -1.7862842204271714, 'y_bottom_left': 0.22724519773224963, 'x_bottom_right': -1.209004846400415, 'y_bottom_right': 0.23060154281360268, 'x_bottom_middle': -1.4976280302962046, 'y_bottom_middle': 0.22892346622326903}",,0.0,,player,1.0,right,False
5000000001,[     461.87      318.11       17.47      51.592],0.605033,000,1.0,"[[[          1           1           1 ...           1           1           1]
  [          1           1           1 ...           1           1           1]
  [          1           1           1 ...           1           1           1]
  ...
  [          1           1           1 ...           1           1           1]
  [          1           1           1 ...           1           1           1]
  [          1           1           1 ...           1           1           1]]]","[[    0.85802    0.040017           0    0.042236     0.41619           0    0.036443           0      0.0516    0.079971     0.25973     0.10354           0     0.15463     0.46384           0     0.35304    0.022217    0.080947     0.12584           0     0.52874    0.027029    0.072024     0.20058           0
            0    0.084835           0           0           0     0.18992    0.076682    0.038328     0.56496    0.021585    0.041518    0.047202           0     0.32014     0.23652    0.035194    0.050958           0     0.07718           0    0.031723           0           0           0    0.093452           0
      0.14871    0.073271    0.053431    0.069187     0.11753    0.098862    0.047584           0     0.10977           0    0.029354    0.067849           0           0   0.0029923  0.00042588           0           0    0.017933     0.19863     0.14732     0.14422           0       1.145    0.076663     0.04643
    0.0048359   0.0090934     0.31412           0           0     0.13389    0.041798     0.18203           0     0.23418           0           0    0.079597     0.07851    0.073748    0.073795           0    0.021712      0.2511    0.085528    0.099919           0           0           0    0.085523           0
      0.28173   0.0053733    0.073708     0.19612   0.0093857    0.055422    0.010332     0.17057           0     0.16049     0.62076           0    0.024923           0    0.062894    0.030907    0.046969     0.04365    0.015824    0.039826     0.10527    0.070531           0           0           0    0.013162
      0.23043           0     0.86439           0           0    0.072996           0    0.050636    0.060926     0.19743    0.097754           0       0.376    0.012109     0.13714           0           0           0           0     0.18853    0.059445    0.086421     0.29285           0     0.25743           0
            0    0.028043           0           0    0.075017           0           0           0    0.012778     0.34948           0      0.3305     0.10187     0.10856           0     0.18929           0           0    0.039878           0     0.22955           0     0.00122     0.20319     0.15882           0
            0     0.31485    0.011473   0.0041974           0     0.58148     0.10145           0    0.020306           0     0.20149    0.051892           0     0.72502           0    0.021122    0.081539    0.032141    0.032916     0.24622     0.16872     0.12382     0.10854     0.21656    0.033382           0
      0.11404           0    0.066328           0    0.033598    0.013028           0    0.021292     0.10547    0.022786           0    0.049656           0           0    0.057422           0           0           0    0.048017   0.0074531    0.049317   0.0054648     0.12409     0.16962   0.0026551     0.26206
     0.081237    0.068517     0.15511    0.018553    0.067505           0           0    0.015244    0.056678     0.17986     0.25951     0.03263           0           0    0.045833     0.25689    0.036343    0.041023           0           0    0.058108     0.16073]]",3.603295087814331,player,[ True],1.0,"{'R': {}, 'Rt': 0.5, 'S': {}, 'St': 0.8, 'K': {}, 'Kt': 9.4877}",1.0,,c,0.0,[     461.87      318.11       17.47      51.592],,17.0,"{'x_bottom_left': -18.691772900478075, 'y_bottom_left': -20.9347671265604, 'x_bottom_right': -18.08342684048766, 'y_bottom_right': -20.928700492113716, 'x_bottom_middle': -18.387581604429013, 'y_bottom_middle': -20.93173362718174}",,0.0,,player,0.0,left,False
5000000001,[     1013.4      388.99      16.153      55.119],0.46237323,000,1.0,"[[[          1           1           1 ...           1           1           1]
  [          1           1           1 ...           1           1           1]
  [          1           1           1 ...           1           1           1]
  ...
  [          1           1           1 ...           1           1           1]
  [          1           1           1 ...           1           1           1]
  [          1           1           1 ...           1           1           1]]]","[[          0           0     0.60976     0.01485    0.035553    0.041869    0.079945    0.065928           0    0.033912     0.25163    0.055704    0.041593     0.36744     0.36029      0.1093           0     0.12818    0.038217     0.15201           0     0.81939    0.071128    0.005704     0.27333           0
     0.024895    0.021131           0           0           0     0.41462    0.052988    0.072885      0.1687     0.04502     0.11518    0.028811    0.056629           0           0           0    0.059301     0.14963     0.15559    0.048781    0.044506    0.019112           0           0           0     0.19263
            0    0.041975  5.4501e-05           0           0     0.20101     0.11097           0     0.16576           0           0     0.13473           0           0           0   0.0083095           0     0.20021    0.044739           0    0.056685    0.088357           0      0.1152     0.18348           0
     0.054334           0           0    0.025872           0    0.097493           0           0           0           0           0     0.31148    0.058493     0.24274    0.031968    0.061232           0           0    0.042701     0.15562    0.073063     0.13524    0.029653     0.27245     0.21691     0.24512
            0   0.0043354           0           0     0.20748           0    0.017884      0.1243     0.12424     0.13599           0    0.020567    0.016651           0     0.87332           0     0.13065     0.10965    0.093697    0.095056     0.17966           0           0   0.0047746      0.3125    0.041495
     0.056549     0.32915   0.0073012           0     0.13205           0     0.08941    0.048717    0.012887     0.22086           0           0    0.013128           0    0.078696           0     0.10577           0           0           0           0           0           0           0     0.12863     0.23286
            0     0.11598    0.037266     0.22044     0.12285     0.21365    0.076661    0.053161    0.085565           0     0.14933     0.35163           0    0.064982    0.099682    0.083251           0    0.058119           0    0.089934     0.27523     0.10705           0   0.0062711    0.077739           0
            0     0.15236    0.023879     0.14343    0.069201    0.022854           0      0.1844    0.039871     0.06061           0           0           0      0.1598    0.052385           0    0.036048      0.1497    0.034101     0.09147      0.1361           0    0.029027     0.12171           0    0.028398
     0.062366     0.12197           0     0.12091           0   0.0076796    0.072371           0    0.076825    0.062222    0.032181    0.055916           0     0.22324    0.070708           0           0   0.0022793           0           0     0.13965    0.076544    0.028914     0.24888           0    0.032267
     0.083227    0.035508     0.20057     0.64288    0.076284     0.23067           0           0    0.036886           0     0.27574           0    0.059093    0.035298     0.04661     0.24094     0.12097    0.016935      0.0392     0.45422    0.023574    0.092232]]",3.6262784004211426,player,[ True],1.0,"{'R': {}, 'Rt': 0.5, 'S': {}, 'St': 0.8, 'K': {}, 'Kt': 9.4877}",1.0,,c,0.0,[     1013.4      388.99      16.153      55.119],,18.0,"{'x_bottom_left': 0.39252086496734956, 'y_bottom_left': -8.898261110050392, 'x_bottom_right': 0.881348690332262, 'y_bottom_right': -8.894533848234188, 'x_bottom_middle': 0.636946615952027, 'y_bottom_middle': -8.896397388876451}",,0.0,,player,1.0,right,False
5000000001,[     1911.2      444.19      7.7872      76.536],0.44031867,000,1.0,"[[[          1           1           1 ...           1           1           1]
  [          1           1           1 ...           1           1           1]
  [          1           1           1 ...           1           1           1]
  ...
  [          1           1           1 ...           1           1           1]
  [          1           1           1 ...           1           1           1]
  [          1           1           1 ...           1           1           1]]]","[[          0   0.0018162           0           0           0     0.12239    0.051635           0     0.22032      0.1782     0.22625     0.13066    0.049962     0.24874     0.28786           0     0.12334           0    0.015341           0    0.019111     0.63156    0.031841     0.20778     0.20706           0
            0           0           0           0           0     0.44517           0     0.10858     0.49694    0.065912    0.017161     0.11327     0.13791     0.13057           0           0   0.0062533           0           0           0    0.020238           0           0           0     0.11167           0
            0    0.053148    0.010308           0    0.038145           0           0           0     0.12721           0   0.0036024     0.10215           0           0    0.053271   0.0084261           0     0.13983     0.16114     0.20587      0.1104     0.17533           0    0.098516     0.13135           0
     0.095336    0.094751     0.15675    0.062212           0           0           0           0           0           0           0     0.25552     0.10282           0     0.21141     0.14782     0.24378    0.020586     0.20801           0    0.067174           0           0           0    0.021823           0
            0    0.080699   0.0039332    0.028448    0.080969           0           0     0.17367           0     0.18754           0           0           0     0.08994     0.80653    0.089952     0.19442           0    0.052803           0    0.064788    0.041102           0           0     0.18518     0.21203
            0     0.34459     0.15349           0           0    0.042673     0.13958           0    0.043357    0.092507     0.15815           0           0           0           0    0.040383           0           0           0    0.042973           0           0           0           0     0.21649     0.10341
            0     0.24863     0.08886     0.16436           0           0     0.14277           0           0     0.15758           0    0.088611   0.0037881           0    0.075968       0.131           0    0.049178           0    0.080993     0.34505     0.15939           0   0.0041947           0    0.037131
      0.03514     0.26035    0.033526     0.47905           0           0     0.13522           0           0    0.036609           0    0.068208           0     0.10429           0           0    0.010495     0.16215    0.069419           0     0.10122    0.042119        0.24     0.36878    0.068948    0.013191
     0.038989           0           0           0    0.043105    0.013622     0.16481     0.19937    0.029362     0.13899    0.072741     0.12718           0     0.39203    0.010922           0           0    0.053015           0     0.08146           0   0.0055849           0     0.20406           0           0
        0.137     0.11566     0.32174           0           0           0           0           0     0.10138      0.0055     0.45846           0           0    0.044839           0     0.16142     0.12181           0    0.052658     0.16691   0.0086181    0.077622]]",1.3488283157348633,referee,[ True],1.0,"{'R': {}, 'Rt': 0.5, 'S': {}, 'St': 0.8, 'K': {}, 'Kt': 9.4877}",1.0,,c,0.0,[     1911.2      444.19      7.7872      76.536],,19.0,"{'x_bottom_left': 24.32555999484435, 'y_bottom_left': 0.7076093611307724, 'x_bottom_right': 24.532482582908266, 'y_bottom_right': 0.7087988884788453, 'x_bottom_middle': 24.429023420182634, 'y_bottom_middle': 0.7082041370569679}",,0.0,,referee,,nan,False
